venue_name,address,city,state,zip_code,phone,website,sports_supported,latitude,longitude,approved_at,photo_review_status,admin_status,country,venue_identity_key,origin_type,community_source,community_source_id,community_seed_batch,community_seeded_at,community_curated_by,community_provenance,place_type
Bistro Point-Barre,,,,,,,,45.7382022,4.7710909,2026-05-24T22:54:41.898727+00:00,approved,active,France,1ff9c0f6518c3c6dd865cfe3cf4f4a49,community,osm_venues_fr_v1,1ff9c0f6518c,fr_venues_batch_v1,2026-05-24T22:54:41.898727+00:00,osm_import_terminal_v1,{},venue
Le Flan' Ruin Pub,,,,,,https://flanruinpub.fr/,,45.7686724,4.8361996,2026-05-24T22:54:41.898727+00:00,approved,active,France,d055ee0494541b9ec2a7b77c27718ec4,community,osm_venues_fr_v1,d055ee049454,fr_venues_batch_v1,2026-05-24T22:54:41.898727+00:00,osm_import_terminal_v1,{},venue
Le République,,,,,,,,45.7593521,4.8358619,2026-05-24T22:54:41.898727+00:00,approved,active,France,5ef2a4bb841b743cfac5321d78c693fa,community,osm_venues_fr_v1,5ef2a4bb841b,fr_venues_batch_v1,2026-05-24T22:54:41.898727+00:00,osm_import_terminal_v1,{},venue
Bar de L'Eldorado,,,,,,,,45.7544636,4.8458006,2026-05-24T22:54:41.898727+00:00,approved,active,France,c4b2313034d1764ed2e0cf0d1b6f5828,community,osm_venues_fr_v1,c4b2313034d1,fr_venues_batch_v1,2026-05-24T22:54:41.898727+00:00,osm_import_terminal_v1,{},venue
Bar du Quartier Latin,,,,,,,,45.7475962,4.8338401,2026-05-24T22:54:41.898727+00:00,approved,active,France,391736927f85cf28ed248f75ac6c038d,community,osm_venues_fr_v1,391736927f85,fr_venues_batch_v1,2026-05-24T22:54:41.898727+00:00,osm_import_terminal_v1,{},venue
Bar-Tabac L'Européen,,,,,,,,48.8222833,2.2068942,2026-05-24T22:54:41.898727+00:00,approved,active,France,ddb9d90582d34a9e0b0d9202a08795e4,community,osm_venues_fr_v1,ddb9d90582d3,fr_venues_batch_v1,2026-05-24T22:54:41.898727+00:00,osm_import_terminal_v1,{},venue
Pub Danois,,,,,,,,45.7622544,4.8286874,2026-05-24T22:54:41.898727+00:00,approved,active,France,b647c08239c31962c9c9e7863436716b,community,osm_venues_fr_v1,b647c08239c3,fr_venues_batch_v1,2026-05-24T22:54:41.898727+00:00,osm_import_terminal_v1,{},venue
Bar à huitre Thomas,,,,,+33 4 78 05 28 99,https://www.restaurant-thomas.com/,,45.7532609,4.8320183,2026-05-24T22:54:41.898727+00:00,approved,active,France,65f026c836ea2f687b9b01c3647fa969,community,osm_venues_fr_v1,65f026c836ea,fr_venues_batch_v1,2026-05-24T22:54:41.898727+00:00,osm_import_terminal_v1,{},venue
Bar Hemingway,,,,,,,,48.8687856,2.3275106,2026-05-24T22:54:41.898727+00:00,approved,active,France,ba2dd1b6623915e2b8d7980ab94d1523,community,osm_venues_fr_v1,ba2dd1b66239,fr_venues_batch_v1,2026-05-24T22:54:41.898727+00:00,osm_import_terminal_v1,{},venue
Willi's Wine Bar,13 Rue des Petits Champs,,,,,,,48.8663449,2.3382902,2026-05-24T22:54:41.898727+00:00,approved,active,France,8321420a2734dbd183ef7f68c9fd9509,community,osm_venues_fr_v1,8321420a2734,fr_venues_batch_v1,2026-05-24T22:54:41.898727+00:00,osm_import_terminal_v1,{},venue
Harry's Bar,,,,,,www.harrysbar.fr,,48.8692089,2.3321714,2026-05-24T22:54:41.898727+00:00,approved,active,France,8d821ce15b08726b96491d971dc69c3e,community,osm_venues_fr_v1,8d821ce15b08,fr_venues_batch_v1,2026-05-24T22:54:41.898727+00:00,osm_import_terminal_v1,{},venue
Buddha-Bar Paris,8-12 Rue Boissy d'Anglas,Paris,,75008,+33 1 53 05 90 00,https://www.buddhabar.com/,,48.8680799,2.3215688,2026-05-24T22:54:41.898727+00:00,approved,active,France,8be56117cac30b369e1b27dd39ee9949,community,osm_venues_fr_v1,8be56117cac3,fr_venues_batch_v1,2026-05-24T22:54:41.898727+00:00,osm_import_terminal_v1,{},venue
Barabaar,,,,,,,,45.7791637,4.8038231,2026-05-24T22:54:41.898727+00:00,approved,active,France,0cc0d84c3678982869bae3c245a7a1b8,community,osm_venues_fr_v1,0cc0d84c3678,fr_venues_batch_v1,2026-05-24T22:54:41.898727+00:00,osm_import_terminal_v1,{},venue
Clown-Bar,,,,,+33143558735,,,48.8636232,2.3671745,2026-05-24T22:54:41.898727+00:00,approved,active,France,467c7405e684479039c506a80bb48970,community,osm_venues_fr_v1,467c7405e684,fr_venues_batch_v1,2026-05-24T22:54:41.898727+00:00,osm_import_terminal_v1,{},venue
The Canadian Embassy Pub,71 Boulevard Gouvion-Saint-Cyr,Paris,,75017,,https://www.thefork.fr/restaurant/the-canadian-embassy-pub-r386801,,48.8802602,2.2852551,2026-05-24T22:54:41.898727+00:00,approved,active,France,d7d5118b00902d9b6e14d81a47187840,community,osm_venues_fr_v1,d7d5118b0090,fr_venues_batch_v1,2026-05-24T22:54:41.898727+00:00,osm_import_terminal_v1,{},venue
Bar nouveau,5 Rue des Haudriettes,,,,,,,48.861504,2.3575623,2026-05-24T22:54:41.898727+00:00,approved,active,France,dcc56c17afc8ce092a9178c67cd934f8,community,osm_venues_fr_v1,dcc56c17afc8,fr_venues_batch_v1,2026-05-24T22:54:41.898727+00:00,osm_import_terminal_v1,{},venue
Bar de la Poste,,,,,,,,45.7577997,4.8128396,2026-05-24T22:54:41.898727+00:00,approved,active,France,311016b767f7ee199abb8264bea67840,community,osm_venues_fr_v1,311016b767f7,fr_venues_batch_v1,2026-05-24T22:54:41.898727+00:00,osm_import_terminal_v1,{},venue
You Cocktail Bar,56 Rue Ney,,,,,https://youfreebrand.com/,,45.767864,4.855429,2026-05-24T22:54:41.898727+00:00,approved,active,France,dae4dd067ef6aed73df100efc954cd75,community,osm_venues_fr_v1,dae4dd067ef6,fr_venues_batch_v1,2026-05-24T22:54:41.898727+00:00,osm_import_terminal_v1,{},venue
Black Angus République,,,,,,,,48.8667526,2.3657202,2026-05-24T22:54:41.898727+00:00,approved,active,France,8a7634a77fdec3437a580ab184da944a,community,osm_venues_fr_v1,8a7634a77fde,fr_venues_batch_v1,2026-05-24T22:54:41.898727+00:00,osm_import_terminal_v1,{},venue
Café République,9 Place de la République,Paris,,75003,+33 1 42 72 31 44,https://www.cafe-republique.com,,48.8667246,2.3638798,2026-05-24T22:54:41.898727+00:00,approved,active,France,c876509e1e0855329659c79fdd4309d3,community,osm_venues_fr_v1,c876509e1e08,fr_venues_batch_v1,2026-05-24T22:54:41.898727+00:00,osm_import_terminal_v1,{},venue
Le Belushi's Bar Canal,,,,,,,,48.8884858,2.3790155,2026-05-24T22:54:41.898727+00:00,approved,active,France,5db331c1322646861c858b05bc547950,community,osm_venues_fr_v1,5db331c13226,fr_venues_batch_v1,2026-05-24T22:54:41.898727+00:00,osm_import_terminal_v1,{},venue
Le Bar Belge,,,,,,,,48.8924314,2.3270614,2026-05-24T22:54:41.898727+00:00,approved,active,France,e5da5bec92bd546fd8286a77c72abaa8,community,osm_venues_fr_v1,e5da5bec92bd,fr_venues_batch_v1,2026-05-24T22:54:41.898727+00:00,osm_import_terminal_v1,{},venue
Le Bar Basque,,,,,+33 5 61 21 55 64,,,43.6037148,1.436058,2026-05-24T22:54:41.898727+00:00,approved,active,France,1e97b7004992c247f486ca1682f57e4b,community,osm_venues_fr_v1,1e97b7004992,fr_venues_batch_v1,2026-05-24T22:54:41.898727+00:00,osm_import_terminal_v1,{},venue
Pub Saint-Pierre,,,,,+33 5 61 21 74 13,,,43.6039482,1.4356073,2026-05-24T22:54:41.898727+00:00,approved,active,France,40da9f2d6b46f3f96f15f4cd60a80f37,community,osm_venues_fr_v1,40da9f2d6b46,fr_venues_batch_v1,2026-05-24T22:54:41.898727+00:00,osm_import_terminal_v1,{},venue
Bar du Marché,,,,,,,,48.8539544,2.3370609,2026-05-24T22:54:41.898727+00:00,approved,active,France,be4d4427a2eb702b1a77d7b40d1a1124,community,osm_venues_fr_v1,be4d4427a2eb,fr_venues_batch_v1,2026-05-24T22:54:41.898727+00:00,osm_import_terminal_v1,{},venue
Pub Gay-Lussac,,,,,,,,48.841516,2.343644,2026-05-24T22:54:41.898727+00:00,approved,active,France,d9e5948ee0576d0d1feae402545c2b4a,community,osm_venues_fr_v1,d9e5948ee057,fr_venues_batch_v1,2026-05-24T22:54:41.898727+00:00,osm_import_terminal_v1,{},venue
Le Débarcadaire,170 Quai de Stalingrad,Issy-les-Moulineaux,,92130,,,,48.8267208,2.2566433,2026-05-24T22:54:41.898727+00:00,approved,active,France,52e24fcbc42f325c879b68d7229d14f4,community,osm_venues_fr_v1,52e24fcbc42f,fr_venues_batch_v1,2026-05-24T22:54:41.898727+00:00,osm_import_terminal_v1,{},venue
Little Temple Bar,,,,,,,,48.8522494,2.3344273,2026-05-24T22:54:41.898727+00:00,approved,active,France,f750a57ef3aca2d1df475f9fcf09a092,community,osm_venues_fr_v1,f750a57ef3ac,fr_venues_batch_v1,2026-05-24T22:54:41.898727+00:00,osm_import_terminal_v1,{},venue
Onze bar,,,,,,,,48.8681035,2.3782452,2026-05-24T22:54:41.898727+00:00,approved,active,France,556bcb7c69d518530864f86f1afddf14,community,osm_venues_fr_v1,556bcb7c69d5,fr_venues_batch_v1,2026-05-24T22:54:41.898727+00:00,osm_import_terminal_v1,{},venue
The Moose Bar,,,,,+33 1 46 33 77 00,https://www.mooseparis.com/,,48.8518241,2.3377078,2026-05-24T22:54:41.898727+00:00,approved,active,France,2347cebc1fb6129c8ca40fd1d533f3f4,community,osm_venues_fr_v1,2347cebc1fb6,fr_venues_batch_v1,2026-05-24T22:54:41.898727+00:00,osm_import_terminal_v1,{},venue
Le Baron Rouge,1 Rue Théophile Roussel,,,,+33 1 43 43 14 32,https://www.lebaronrouge.net/,,48.8494401,2.377381,2026-05-24T22:54:41.898727+00:00,approved,active,France,4e963910011a8c46371f66eac91b567b,community,osm_venues_fr_v1,4e963910011a,fr_venues_batch_v1,2026-05-24T22:54:41.898727+00:00,osm_import_terminal_v1,{},venue
Bar à Mines,,,,,,,,48.8494348,2.3743821,2026-05-24T22:54:41.898727+00:00,approved,active,France,ae3a999ded606178b41fe7470a01293e,community,osm_venues_fr_v1,ae3a999ded60,fr_venues_batch_v1,2026-05-24T22:54:41.898727+00:00,osm_import_terminal_v1,{},venue
Rev'Bar,,,,,,,,48.8462179,2.3783901,2026-05-24T22:54:41.898727+00:00,approved,active,France,84831ee06255389d50542daa9746e6e9,community,osm_venues_fr_v1,84831ee06255,fr_venues_batch_v1,2026-05-24T22:54:41.898727+00:00,osm_import_terminal_v1,{},venue
SuperBar,,,,,,,,43.7006499,7.2827539,2026-05-24T22:54:41.898727+00:00,approved,active,France,b131e3f7e33a6fad76e53fce60597cc8,community,osm_venues_fr_v1,b131e3f7e33a,fr_venues_batch_v1,2026-05-24T22:54:41.898727+00:00,osm_import_terminal_v1,{},venue
Le Pub,,,,,+33146977004,,,48.8692038,2.2270778,2026-05-24T22:54:41.898727+00:00,approved,active,France,1c3c653427d9da50dda98bc2d92a6416,community,osm_venues_fr_v1,1c3c653427d9,fr_venues_batch_v1,2026-05-24T22:54:41.898727+00:00,osm_import_terminal_v1,{},venue
Brasserie Bar Argent,,,,,,,,43.292176,5.3922532,2026-05-24T22:54:41.898727+00:00,approved,active,France,17ad5dd6afb0f038595feffded0f8315,community,osm_venues_fr_v1,17ad5dd6afb0,fr_venues_batch_v1,2026-05-24T22:54:41.898727+00:00,osm_import_terminal_v1,{},venue
Brady's Irish Pub,,,,,,,,48.8778514,2.3157284,2026-05-24T22:54:41.898727+00:00,approved,active,France,c7cd00bb5e55f6c08221930da59c4e82,community,osm_venues_fr_v1,c7cd00bb5e55,fr_venues_batch_v1,2026-05-24T22:54:41.898727+00:00,osm_import_terminal_v1,{},venue
Magic N' Bar,3 Place Commandant Arnaud,,,,+33 9 56 18 17 47,https://magicnbar.com,,45.7798815,4.8349865,2026-05-24T22:54:41.898727+00:00,approved,active,France,1fa86ffe3929923c92f1ffe5bc7d8242,community,osm_venues_fr_v1,1fa86ffe3929,fr_venues_batch_v1,2026-05-24T22:54:41.898727+00:00,osm_import_terminal_v1,{},venue
Bar du Matin,,,,,+33 5 61 52 72 27,,,43.5980253,1.4443419,2026-05-24T22:54:41.898727+00:00,approved,active,France,1c4d2c28a29b534c47fef61f0e6644b2,community,osm_venues_fr_v1,1c4d2c28a29b,fr_venues_batch_v1,2026-05-24T22:54:41.898727+00:00,osm_import_terminal_v1,{},venue
Irish Pub,26 Place de la Nation,,,75012,,http://www.irishpubnation.fr,,48.847497,2.3970587,2026-05-24T22:54:41.898727+00:00,approved,active,France,7c75a744b95f8f597a4827f31bb7eb08,community,osm_venues_fr_v1,7c75a744b95f,fr_venues_batch_v1,2026-05-24T22:54:41.898727+00:00,osm_import_terminal_v1,{},venue
Le Jean Bart,,,,,,,,48.8517859,2.401582,2026-05-24T22:54:41.898727+00:00,approved,active,France,3b390395343a7f2b84996f47f914bb62,community,osm_venues_fr_v1,3b390395343a,fr_venues_batch_v1,2026-05-24T22:54:41.898727+00:00,osm_import_terminal_v1,{},venue
Sushi Bar,,,,,,https://sushibar75.fr,,48.8466891,2.3824558,2026-05-24T22:54:41.898727+00:00,approved,active,France,0fda4f250dd7c034bb5b08f3e40f37a9,community,osm_venues_fr_v1,0fda4f250dd7,fr_venues_batch_v1,2026-05-24T22:54:41.898727+00:00,osm_import_terminal_v1,{},venue
Le Bariolé,,,,,,,,48.8745311,2.3863193,2026-05-24T22:54:41.898727+00:00,approved,active,France,0f13a16de4245ca00f95ef53a625cd7e,community,osm_venues_fr_v1,0f13a16de424,fr_venues_batch_v1,2026-05-24T22:54:41.898727+00:00,osm_import_terminal_v1,{},venue
Bar Tabac du Château,,,,,,,,48.9013883,2.2720381,2026-05-24T22:54:41.898727+00:00,approved,active,France,17ad6765747be6106c7c7b8ba028f6e2,community,osm_venues_fr_v1,17ad6765747b,fr_venues_batch_v1,2026-05-24T22:54:41.898727+00:00,osm_import_terminal_v1,{},venue
Starck Bar,,,,,+33 4 87 38 97 44,https://www.starckbar.fr/,,45.7448494,4.8257765,2026-05-24T22:54:41.898727+00:00,approved,active,France,920c12b4709fd0877b579bf40143ce8f,community,osm_venues_fr_v1,920c12b4709f,fr_venues_batch_v1,2026-05-24T22:54:41.898727+00:00,osm_import_terminal_v1,{},venue
Au Diable Des Lombards,64 Rue des Lombards,Paris,,75001,,,,48.8599282,2.3475154,2026-05-24T22:54:41.898727+00:00,approved,active,France,621467991503d0d0245a780d9996b379,community,osm_venues_fr_v1,621467991503,fr_venues_batch_v1,2026-05-24T22:54:41.898727+00:00,osm_import_terminal_v1,{},venue
Bar Des Halles,,,,,,https://www.privateaser.com/lieu/525-le-bar-des-halles,,48.8611004,2.3442699,2026-05-24T22:54:41.898727+00:00,approved,active,France,a399c4123fc3d27bbe18f4c41fd34645,community,osm_venues_fr_v1,a399c4123fc3,fr_venues_batch_v1,2026-05-24T22:54:41.898727+00:00,osm_import_terminal_v1,{},venue
Adrienne Bar,,,,,,,,48.8608773,2.3423534,2026-05-24T22:54:41.898727+00:00,approved,active,France,4c37fb9a6daaf65ad30fa696e79a1415,community,osm_venues_fr_v1,4c37fb9a6daa,fr_venues_batch_v1,2026-05-24T22:54:41.898727+00:00,osm_import_terminal_v1,{},venue
Bar de l'Entracte,47 Rue de Montpensier,Paris,,75001,+33 1 42 97 57 76,,,48.8663915,2.3375294,2026-05-24T22:54:41.898727+00:00,approved,active,France,c513ae3907b556f9b84d5697ee09ed99,community,osm_venues_fr_v1,c513ae3907b5,fr_venues_batch_v1,2026-05-24T22:54:41.898727+00:00,osm_import_terminal_v1,{},venue
Le Pub Saint-Hillaire,2 Rue Valette,Paris,,75005,,,,48.8480996,2.3469127,2026-05-24T22:54:41.898727+00:00,approved,active,France,14cb20c656f4d3a9a9da5579abc020eb,community,osm_venues_fr_v1,14cb20c656f4,fr_venues_batch_v1,2026-05-24T22:54:41.898727+00:00,osm_import_terminal_v1,{},venue
Ivry Bar,,Ivry-sur-Seine,,94200,,,,48.8105676,2.3884401,2026-05-24T22:54:41.898727+00:00,approved,active,France,605e5792385766cbababb733438c5c81,community,osm_venues_fr_v1,605e57923857,fr_venues_batch_v1,2026-05-24T22:54:41.898727+00:00,osm_import_terminal_v1,{},venue
Mori Venice Bar,2 Rue du Quatre Septembre,,,,,,,48.8690729,2.3399905,2026-05-24T22:54:41.898727+00:00,approved,active,France,5a97c74c4e256d22562cd9c7a1d26ae9,community,osm_venues_fr_v1,5a97c74c4e25,fr_venues_batch_v1,2026-05-24T22:54:41.898727+00:00,osm_import_terminal_v1,{},venue
Le bar du moulin,10 Rue des Petits Pères,,,,,,,48.8662163,2.3412156,2026-05-24T22:54:41.898727+00:00,approved,active,France,bdddc272e2281b7277d8daff12729282,community,osm_venues_fr_v1,bdddc272e228,fr_venues_batch_v1,2026-05-24T22:54:41.898727+00:00,osm_import_terminal_v1,{},venue
L'Empire Bar,,,,,,,,48.8674983,2.3472473,2026-05-24T22:54:41.898727+00:00,approved,active,France,fcd93204814359d9f302b89b8777ced3,community,osm_venues_fr_v1,fcd932048143,fr_venues_batch_v1,2026-05-24T22:54:41.898727+00:00,osm_import_terminal_v1,{},venue
Avek Bar,21 Rue Saint-Sauveur,,,,,https://www.avekbar.com/,,48.8659305,2.3488929,2026-05-24T22:54:41.898727+00:00,approved,active,France,aded51132baa2da7bfc4c954d7802f0e,community,osm_venues_fr_v1,aded51132baa,fr_venues_batch_v1,2026-05-24T22:54:41.898727+00:00,osm_import_terminal_v1,{},venue
Le bar du bistrot,,,,,,,,48.8600619,2.3497943,2026-05-24T22:54:41.898727+00:00,approved,active,France,96f5c456e2e0fd323bac8cc02c41b0b3,community,osm_venues_fr_v1,96f5c456e2e0,fr_venues_batch_v1,2026-05-24T22:54:41.898727+00:00,osm_import_terminal_v1,{},venue
BAR'EN,,Paris,,75003,,,,48.8575642,2.3677839,2026-05-24T22:54:41.898727+00:00,approved,active,France,9f1f25cb5ed81bca0d3420fe36bcaed7,community,osm_venues_fr_v1,9f1f25cb5ed8,fr_venues_batch_v1,2026-05-24T22:54:41.898727+00:00,osm_import_terminal_v1,{},venue
Cristal Bar,,,,,,,,48.8812025,2.364721,2026-05-24T22:54:41.898727+00:00,approved,active,France,9b092580929c2d043e58e1c874b64f3c,community,osm_venues_fr_v1,9b092580929c,fr_venues_batch_v1,2026-05-24T22:54:41.898727+00:00,osm_import_terminal_v1,{},venue
Metro Bar,,,,,,,,48.8814024,2.3657978,2026-05-24T22:54:41.898727+00:00,approved,active,France,c4beb288725e1237dca4557fc9487105,community,osm_venues_fr_v1,c4beb288725e,fr_venues_batch_v1,2026-05-24T22:54:41.898727+00:00,osm_import_terminal_v1,{},venue
Le Bar de la Plaine,,,,,,,,43.2939891,5.3868009,2026-05-24T22:54:41.898727+00:00,approved,active,France,fa36e9e5c92ee4530856bf2d7858f614,community,osm_venues_fr_v1,fa36e9e5c92e,fr_venues_batch_v1,2026-05-24T22:54:41.898727+00:00,osm_import_terminal_v1,{},venue
Bar Ourcq,68 Quai de la Loire,Paris,,75019,+33142401226,,,48.8864617,2.377235,2026-05-24T22:54:41.898727+00:00,approved,active,France,badc3389b803601a9a58d7cadd735df4,community,osm_venues_fr_v1,badc3389b803,fr_venues_batch_v1,2026-05-24T22:54:41.898727+00:00,osm_import_terminal_v1,{},venue
Unic Bar,,,,,,,,43.6002317,1.4451885,2026-05-24T22:54:41.898727+00:00,approved,active,France,bbdbc4d0605df3185e9c5fd106b6b3fc,community,osm_venues_fr_v1,bbdbc4d0605d,fr_venues_batch_v1,2026-05-24T22:54:41.898727+00:00,osm_import_terminal_v1,{},venue
Shannon Pub,,,,,,,,48.8426139,2.3298989,2026-05-24T22:54:41.898727+00:00,approved,active,France,049d8956fa6ed593213527972b896430,community,osm_venues_fr_v1,049d8956fa6e,fr_venues_batch_v1,2026-05-24T22:54:41.898727+00:00,osm_import_terminal_v1,{},venue
Bar & Food Forever,,,,,+33 5 62 17 23 90,https://barandfoodforever.fr/,,43.5687334,1.4570455,2026-05-24T22:54:41.898727+00:00,approved,active,France,d2e10364334b52a79e5907a5e63b5c3f,community,osm_venues_fr_v1,d2e10364334b,fr_venues_batch_v1,2026-05-24T22:54:41.898727+00:00,osm_import_terminal_v1,{},venue
Nirmala's Pub,58bis,,,,,,,48.8340885,2.2385169,2026-05-24T22:54:41.898727+00:00,approved,active,France,e20b6e627e513403b0eafae4f90e9307,community,osm_venues_fr_v1,e20b6e627e51,fr_venues_batch_v1,2026-05-24T22:54:41.898727+00:00,osm_import_terminal_v1,{},venue
L'Idéal Bar,,,,,,,,48.8725934,2.3104545,2026-05-24T22:54:41.898727+00:00,approved,active,France,deaf63cf80ccd3a2116c2392c468b59b,community,osm_venues_fr_v1,deaf63cf80cc,fr_venues_batch_v1,2026-05-24T22:54:41.898727+00:00,osm_import_terminal_v1,{},venue
Le Publisher,33 Rue de Constantinople,,,75008,+33984017447,https://eater.space/publisher,,48.8805205,2.3183206,2026-05-24T22:54:41.898727+00:00,approved,active,France,22d0eae0b91133a0d12341505ff2bec0,community,osm_venues_fr_v1,22d0eae0b911,fr_venues_batch_v1,2026-05-24T22:54:41.898727+00:00,osm_import_terminal_v1,{},venue
The Freedom Pub,,,,,,,,48.8722333,2.3040394,2026-05-24T22:54:41.898727+00:00,approved,active,France,59a823cd915b521c267bd0585cae51a3,community,osm_venues_fr_v1,59a823cd915b,fr_venues_batch_v1,2026-05-24T22:54:41.898727+00:00,osm_import_terminal_v1,{},venue
Baroche,,,,,,,,48.8713131,2.307319,2026-05-24T22:54:41.898727+00:00,approved,active,France,b801fb0c9fbc7a7a2480677d21317c2d,community,osm_venues_fr_v1,b801fb0c9fbc,fr_venues_batch_v1,2026-05-24T22:54:41.898727+00:00,osm_import_terminal_v1,{},venue
Lardenn Bar,257 Avenue de Lardenne,Toulouse,,,,,,43.5900603,1.3786456,2026-05-24T22:54:41.898727+00:00,approved,active,France,3905aea76dd88c1d3bbb7575d1e513b4,community,osm_venues_fr_v1,3905aea76dd8,fr_venues_batch_v1,2026-05-24T22:54:41.898727+00:00,osm_import_terminal_v1,{},venue
Café des Sports,,,,,,,,45.7533427,4.8918774,2026-05-24T22:54:41.898727+00:00,approved,active,France,3ffff1d23b2ecd97ee654e9889f051ff,community,osm_venues_fr_v1,3ffff1d23b2e,fr_venues_batch_v1,2026-05-24T22:54:41.898727+00:00,osm_import_terminal_v1,{},venue
Bar Restaurant La Cordelière,,,,,,,,45.71513,4.7506442,2026-05-24T22:54:41.898727+00:00,approved,active,France,c36a492b7c86bb664438acbd2935c210,community,osm_venues_fr_v1,c36a492b7c86,fr_venues_batch_v1,2026-05-24T22:54:41.898727+00:00,osm_import_terminal_v1,{},venue
La Table des Barbus,,,,,,,,43.5242928,1.5417417,2026-05-24T22:54:41.898727+00:00,approved,active,France,885b3701d19dc2cde1f11cd4592b66f4,community,osm_venues_fr_v1,885b3701d19d,fr_venues_batch_v1,2026-05-24T22:54:41.898727+00:00,osm_import_terminal_v1,{},venue
Pub Kléber,,,,,,,,48.8658567,2.2895816,2026-05-24T22:54:41.898727+00:00,approved,active,France,175f1db1f87a81191b5fda16e55618d2,community,osm_venues_fr_v1,175f1db1f87a,fr_venues_batch_v1,2026-05-24T22:54:41.898727+00:00,osm_import_terminal_v1,{},venue
Public House,21 Rue Daunou,Paris,,75002,,https://www.publichouseparis.fr/,,48.869964,2.330318,2026-05-24T22:54:41.898727+00:00,approved,active,France,8111d2224749974de15218e550e6ba0c,community,osm_venues_fr_v1,8111d2224749,fr_venues_batch_v1,2026-05-24T22:54:41.898727+00:00,osm_import_terminal_v1,{},venue
Bar de la Mer,,,,,,,,48.8790444,2.2795621,2026-05-24T22:54:41.898727+00:00,approved,active,France,fcc463489844f865915075086a5bc4df,community,osm_venues_fr_v1,fcc463489844,fr_venues_batch_v1,2026-05-24T22:54:41.898727+00:00,osm_import_terminal_v1,{},venue
Bar de l'Espoir,43 Avenue Jean Lolive,Pantin,,93500,,,,48.8910049,2.4010083,2026-05-24T22:54:41.898727+00:00,approved,active,France,682fa04a4b54bd081358c102ff575441,community,osm_venues_fr_v1,682fa04a4b54,fr_venues_batch_v1,2026-05-24T22:54:41.898727+00:00,osm_import_terminal_v1,{},venue
Bar Tabac du Vieux Port,,,,,,,,43.294323,5.3748619,2026-05-24T22:54:41.898727+00:00,approved,active,France,2c04f3ac42221e2104ef115ee144c725,community,osm_venues_fr_v1,2c04f3ac4222,fr_venues_batch_v1,2026-05-24T22:54:41.898727+00:00,osm_import_terminal_v1,{},venue
Bar des Maraîchers,,,,,,,,43.2953876,5.3856427,2026-05-24T22:54:41.898727+00:00,approved,active,France,97b13194432e04ac005d7a856889454b,community,osm_venues_fr_v1,97b13194432e,fr_venues_batch_v1,2026-05-24T22:54:41.898727+00:00,osm_import_terminal_v1,{},venue
Barthelemy,,,,,,,,48.8326446,2.2486481,2026-05-24T22:54:41.898727+00:00,approved,active,France,0563e772109a9ea8fa3a88c3d8995306,community,osm_venues_fr_v1,0563e772109a,fr_venues_batch_v1,2026-05-24T22:54:41.898727+00:00,osm_import_terminal_v1,{},venue
Le Bar'Ouf,,,,,,,,48.8626564,2.3523099,2026-05-24T22:54:41.898727+00:00,approved,active,France,d9c366d20cac385fbaba095bb7d34a51,community,osm_venues_fr_v1,d9c366d20cac,fr_venues_batch_v1,2026-05-24T22:54:41.898727+00:00,osm_import_terminal_v1,{},venue
Tabac des sports,,,,,,,,48.8934011,2.2904321,2026-05-24T22:54:41.898727+00:00,approved,active,France,aa40c9fa917d388871ad5f76390b504e,community,osm_venues_fr_v1,aa40c9fa917d,fr_venues_batch_v1,2026-05-24T22:54:41.898727+00:00,osm_import_terminal_v1,{},venue
Bartoque,,,,,,,,48.8712198,2.3210983,2026-05-24T22:54:41.898727+00:00,approved,active,France,b42f6cdc9f1015a2303446952e1bbb4a,community,osm_venues_fr_v1,b42f6cdc9f10,fr_venues_batch_v1,2026-05-24T22:54:41.898727+00:00,osm_import_terminal_v1,{},venue
L'express Bar,,,,,,,,48.8611429,2.3438634,2026-05-24T22:54:41.898727+00:00,approved,active,France,bac0a291080c39027e73f96f2d8cbb7c,community,osm_venues_fr_v1,bac0a291080c,fr_venues_batch_v1,2026-05-24T22:54:41.898727+00:00,osm_import_terminal_v1,{},venue
Le Café-Barok,,,,,,,,43.2850614,5.3850566,2026-05-24T22:54:41.898727+00:00,approved,active,France,3a73c3a9a19758aaf08e9c2411038b23,community,osm_venues_fr_v1,3a73c3a9a197,fr_venues_batch_v1,2026-05-24T22:54:41.898727+00:00,osm_import_terminal_v1,{},venue
Hurling Pub,,,,,,,,48.8471395,2.348539,2026-05-24T22:54:41.898727+00:00,approved,active,France,ba3d62dfb0dc2afc7900929465e1b2c4,community,osm_venues_fr_v1,ba3d62dfb0dc,fr_venues_batch_v1,2026-05-24T22:54:41.898727+00:00,osm_import_terminal_v1,{},venue
Le Bar du Coin,,,,,,,,43.6982791,7.2777497,2026-05-24T22:54:41.898727+00:00,approved,active,France,c409fc36a58ad47a40f06e50b2ef71dd,community,osm_venues_fr_v1,c409fc36a58a,fr_venues_batch_v1,2026-05-24T22:54:41.898727+00:00,osm_import_terminal_v1,{},venue
Rollin's Pub,18 Rue Rollin,Paris,,75005,+33 1 46 33 54 42,,,48.84488,2.34991,2026-05-24T22:54:41.898727+00:00,approved,active,France,fd48fde289d43f8c3b6c30ccee3793f7,community,osm_venues_fr_v1,fd48fde289d4,fr_venues_batch_v1,2026-05-24T22:54:41.898727+00:00,osm_import_terminal_v1,{},venue
Bar Eleven,,,,,,,,48.8971554,2.256582,2026-05-24T22:54:41.898727+00:00,approved,active,France,a415ac75c063083f14f4b311c005b311,community,osm_venues_fr_v1,a415ac75c063,fr_venues_batch_v1,2026-05-24T22:54:41.898727+00:00,osm_import_terminal_v1,{},venue
Pub O'Clock,,,,,,https://puboclocktoulouse.eatbu.com,,43.6069239,1.447017,2026-05-24T22:54:41.898727+00:00,approved,active,France,8904b3c2a9ff50f1acd3a82b508de2ee,community,osm_venues_fr_v1,8904b3c2a9ff,fr_venues_batch_v1,2026-05-24T22:54:41.898727+00:00,osm_import_terminal_v1,{},venue
Le Saloon Far West - Bar Paris 11,3 Rue Faidherbe,Paris,,75011,,,,48.8508374,2.3840321,2026-05-24T22:54:41.898727+00:00,approved,active,France,576071ac5fcb757de1da924013349ad0,community,osm_venues_fr_v1,576071ac5fcb,fr_venues_batch_v1,2026-05-24T22:54:41.898727+00:00,osm_import_terminal_v1,{},venue
Nost Cocktails Bar,,,,,,http://www.hypnosebar.com,,48.8742323,2.3452393,2026-05-24T22:54:41.898727+00:00,approved,active,France,6bc944814447f2c43276991f8c2f44af,community,osm_venues_fr_v1,6bc944814447,fr_venues_batch_v1,2026-05-24T22:54:41.898727+00:00,osm_import_terminal_v1,{},venue
Barroso,,,,,,,,48.9040772,2.2992162,2026-05-24T22:54:41.898727+00:00,approved,active,France,f0cdb0004e6252a1a50d3f4689c7835f,community,osm_venues_fr_v1,f0cdb0004e62,fr_venues_batch_v1,2026-05-24T22:54:41.898727+00:00,osm_import_terminal_v1,{},venue
Barolo,3 Rue Jean Moulin,,,,+33 1 43 63 14 35,http://restaurant-barolo.fr,,48.8796268,2.4148076,2026-05-24T22:54:41.898727+00:00,approved,active,France,d4a06cbd151248970b874de252540373,community,osm_venues_fr_v1,d4a06cbd1512,fr_venues_batch_v1,2026-05-24T22:54:41.898727+00:00,osm_import_terminal_v1,{},venue
Molly's Bar,,,,,,https://mollys-paris.com/,,48.8481138,2.3765844,2026-05-24T22:54:41.898727+00:00,approved,active,France,ce60e493e94b852d2ebfa1e8270fda28,community,osm_venues_fr_v1,ce60e493e94b,fr_venues_batch_v1,2026-05-24T22:54:41.898727+00:00,osm_import_terminal_v1,{},venue
Barbacoa,38 Rue d'Aguesseau,,,,+33 1 46 08 28 02,https://www.barbacoa.fr/,,48.8432899,2.2365333,2026-05-24T22:54:41.898727+00:00,approved,active,France,e22d1fe765e5b877172c3e41e0f051f9,community,osm_venues_fr_v1,e22d1fe765e5,fr_venues_batch_v1,2026-05-24T22:54:41.898727+00:00,osm_import_terminal_v1,{},venue
The Fusion bar,,,,,+33 9 83 87 52 70,https://fusionbar.fr,,43.5982493,1.4326724,2026-05-24T22:54:41.898727+00:00,approved,active,France,5ef6ae298640f80a5ec4f1c11b4c670d,community,osm_venues_fr_v1,5ef6ae298640,fr_venues_batch_v1,2026-05-24T22:54:41.898727+00:00,osm_import_terminal_v1,{},venue
Le Bobar,25 Rue Marguerite Moret,Paris,,75011,,,,48.8676463,2.3787673,2026-05-24T22:54:41.898727+00:00,approved,active,France,62a8f63df8acf736644683270e503254,community,osm_venues_fr_v1,62a8f63df8ac,fr_venues_batch_v1,2026-05-24T22:54:41.898727+00:00,osm_import_terminal_v1,{},venue
St Andrew's Pub,,,,,,,,48.8769351,2.2884549,2026-05-24T22:54:41.898727+00:00,approved,active,France,039c00e10195880599aae757078cd242,community,osm_venues_fr_v1,039c00e10195,fr_venues_batch_v1,2026-05-24T22:54:41.898727+00:00,osm_import_terminal_v1,{},venue
Bar Terminus,,,,,,,,43.2916579,5.3588616,2026-05-24T22:54:41.898727+00:00,approved,active,France,88b922fce12496d5c6d212117b321a8c,community,osm_venues_fr_v1,88b922fce124,fr_venues_batch_v1,2026-05-24T22:54:41.898727+00:00,osm_import_terminal_v1,{},venue
Bar Unic,,,,,,,,43.2929198,5.3748712,2026-05-24T22:54:41.898727+00:00,approved,active,France,87fbb89befd8f9158f0a57b11d8682dc,community,osm_venues_fr_v1,87fbb89befd8,fr_venues_batch_v1,2026-05-24T22:54:41.898727+00:00,osm_import_terminal_v1,{},venue
Ô Saveur Bar,,,,,,https://o-saveur-bar.com/,,48.8493301,2.3749999,2026-05-24T22:54:41.898727+00:00,approved,active,France,1f2f91cfedc804400c34f1b3b1d510fa,community,osm_venues_fr_v1,1f2f91cfedc8,fr_venues_batch_v1,2026-05-24T22:54:41.898727+00:00,osm_import_terminal_v1,{},venue
Bar de l'Avenue,,,,,,,,43.6665393,1.4298925,2026-05-24T22:54:41.898727+00:00,approved,active,France,2add8a6a171f8a3db1d36d873aa20bdc,community,osm_venues_fr_v1,2add8a6a171f,fr_venues_batch_v1,2026-05-24T22:54:41.898727+00:00,osm_import_terminal_v1,{},venue
Bar de la Piscine,1 Rue David d'Angers,,,,,,,48.8831673,2.3884271,2026-05-24T22:54:41.898727+00:00,approved,active,France,217653d1998bf7a5c0784cebc82061c0,community,osm_venues_fr_v1,217653d1998b,fr_venues_batch_v1,2026-05-24T22:54:41.898727+00:00,osm_import_terminal_v1,{},venue
Loop's Pub,,,,,+33 4 78 84 82 81,https://www.loopspub.com/,,45.7672916,4.879344,2026-05-24T22:54:41.898727+00:00,approved,active,France,c8f89510309dc2baf092ad822be6ea0f,community,osm_venues_fr_v1,c8f89510309d,fr_venues_batch_v1,2026-05-24T22:54:41.898727+00:00,osm_import_terminal_v1,{},venue
Dam's Pub,,,,,,,,45.769205,4.8300271,2026-05-24T22:54:41.898727+00:00,approved,active,France,5a164d51c863cd36b7dfeb51a88a6ab5,community,osm_venues_fr_v1,5a164d51c863,fr_venues_batch_v1,2026-05-24T22:54:41.898727+00:00,osm_import_terminal_v1,{},venue
K-FE BAR L'Abshynte,,,,,,,,45.7746644,4.8082382,2026-05-24T22:54:41.898727+00:00,approved,active,France,18148ebe1f805c7fd4dc5fed029e2e53,community,osm_venues_fr_v1,18148ebe1f80,fr_venues_batch_v1,2026-05-24T22:54:41.898727+00:00,osm_import_terminal_v1,{},venue
Bar-Tabac des Chênes,,,,,,,,48.8802288,2.2223871,2026-05-24T22:54:41.898727+00:00,approved,active,France,5afd55e8a4de8b660f4c7d7f92d3bca9,community,osm_venues_fr_v1,5afd55e8a4de,fr_venues_batch_v1,2026-05-24T22:54:41.898727+00:00,osm_import_terminal_v1,{},venue
Bar musée Gadagne,,,,,,,,45.7641317,4.8270948,2026-05-24T22:54:41.898727+00:00,approved,active,France,690694f3db8df1050d9ee2d9160a2485,community,osm_venues_fr_v1,690694f3db8d,fr_venues_batch_v1,2026-05-24T22:54:41.898727+00:00,osm_import_terminal_v1,{},venue
My Little Pub,,,,,,,,45.7687134,4.825948,2026-05-24T22:54:41.898727+00:00,approved,active,France,6a678b78b4ec4051b343f438111598e7,community,osm_venues_fr_v1,6a678b78b4ec,fr_venues_batch_v1,2026-05-24T22:54:41.898727+00:00,osm_import_terminal_v1,{},venue
I-bar,,,,,,http://www.i-bar.fr/,,43.6056964,1.4502654,2026-05-24T22:54:41.898727+00:00,approved,active,France,db30fffa76399fd89f41fa6ab5ab7c7c,community,osm_venues_fr_v1,db30fffa7639,fr_venues_batch_v1,2026-05-24T22:54:41.898727+00:00,osm_import_terminal_v1,{},venue
Barramundi,,,,,,https://www.barramundi.fr,,48.8719692,2.3361261,2026-05-24T22:54:41.898727+00:00,approved,active,France,bc79d213bbd8e12299cc086c306ea95d,community,osm_venues_fr_v1,bc79d213bbd8,fr_venues_batch_v1,2026-05-24T22:54:41.898727+00:00,osm_import_terminal_v1,{},venue
Bib!mbar,15 Rue Saint-Lazare,Paris,,75009,,,,48.8766742,2.3373282,2026-05-24T22:54:41.898727+00:00,approved,active,France,937c2138aa0a07e5b1cceb790a8437be,community,osm_venues_fr_v1,937c2138aa0a,fr_venues_batch_v1,2026-05-24T22:54:41.898727+00:00,osm_import_terminal_v1,{},venue
Noodlesbar,34 Rue Saint-Lazare,Paris,,75009,,,,48.8768505,2.3360634,2026-05-24T22:54:41.898727+00:00,approved,active,France,e425d6d8a1ce1ea11663aeda5fef162c,community,osm_venues_fr_v1,e425d6d8a1ce,fr_venues_batch_v1,2026-05-24T22:54:41.898727+00:00,osm_import_terminal_v1,{},venue
Jack's Bar,,,,,,,,45.7655291,4.8276435,2026-05-24T22:54:41.898727+00:00,approved,active,France,ab685ae452f1154812cb402c4ba18449,community,osm_venues_fr_v1,ab685ae452f1,fr_venues_batch_v1,2026-05-24T22:54:41.898727+00:00,osm_import_terminal_v1,{},venue
Meyer Bar,,,,,,,,48.8716898,2.3334554,2026-05-24T22:54:41.898727+00:00,approved,active,France,d7844e716e2a864efa24d861cf45d28c,community,osm_venues_fr_v1,d7844e716e2a,fr_venues_batch_v1,2026-05-24T22:54:41.898727+00:00,osm_import_terminal_v1,{},venue
Bar Moustier,,,,,,,,43.3605834,5.3143383,2026-05-24T22:54:41.898727+00:00,approved,active,France,0188117d2449e571937bbf4acc0e9792,community,osm_venues_fr_v1,0188117d2449,fr_venues_batch_v1,2026-05-24T22:54:41.898727+00:00,osm_import_terminal_v1,{},venue
O'Sullivans café bar,1 Boulevard Montmartre,Paris,,75002,,https://www.osullivans-pubs.com/,,48.8713484,2.3428832,2026-05-24T22:54:41.898727+00:00,approved,active,France,cc1413a1055387b2ee30dd55cbea23b5,community,osm_venues_fr_v1,cc1413a10553,fr_venues_batch_v1,2026-05-24T22:54:41.898727+00:00,osm_import_terminal_v1,{},venue
Loulou Bar,110 Rue du Faubourg Saint-Denis,,,,,,,48.8753695,2.3561769,2026-05-24T22:54:41.898727+00:00,approved,active,France,09d61e05d0c63ccf46f8110ca08bf508,community,osm_venues_fr_v1,09d61e05d0c6,fr_venues_batch_v1,2026-05-24T22:54:41.898727+00:00,osm_import_terminal_v1,{},venue
Bar de la Fontaine,,,,,,,,43.2941346,5.3808708,2026-05-24T22:54:41.898727+00:00,approved,active,France,ec25277d41307cf6f2709b4b15f5f39e,community,osm_venues_fr_v1,ec25277d4130,fr_venues_batch_v1,2026-05-24T22:54:41.898727+00:00,osm_import_terminal_v1,{},venue
Au Baroudeur Patient,,,,,,,,48.8795733,2.3548165,2026-05-24T22:54:41.898727+00:00,approved,active,France,4b82c6728befdd3f1d76e60da95cc2d4,community,osm_venues_fr_v1,4b82c6728bef,fr_venues_batch_v1,2026-05-24T22:54:41.898727+00:00,osm_import_terminal_v1,{},venue
Le Paris-Sports,,,,,,,,48.8259571,2.4071178,2026-05-24T22:54:41.898727+00:00,approved,active,France,93bab84fb8c9ed3ec1a98f41c16c4f55,community,osm_venues_fr_v1,93bab84fb8c9,fr_venues_batch_v1,2026-05-24T22:54:41.898727+00:00,osm_import_terminal_v1,{},venue
Au Petit Bar,,,,,,,,48.8375795,2.3550938,2026-05-24T22:54:41.898727+00:00,approved,active,France,648e1c517bd7ae2b196a735a64f7a4f5,community,osm_venues_fr_v1,648e1c517bd7,fr_venues_batch_v1,2026-05-24T22:54:41.898727+00:00,osm_import_terminal_v1,{},venue
Le Barrio,,,,,,,,43.3033634,5.4052772,2026-05-24T22:54:41.898727+00:00,approved,active,France,04aa42973d3b86e52bbb599036dbbf43,community,osm_venues_fr_v1,04aa42973d3b,fr_venues_batch_v1,2026-05-24T22:54:41.898727+00:00,osm_import_terminal_v1,{},venue
Bar Tabac La Salade,2 Avenue de Fronton,Toulouse,,31200,,,,43.6272373,1.434083,2026-05-24T22:54:41.898727+00:00,approved,active,France,b200e6de80c84bfe89384fe26cbac07f,community,osm_venues_fr_v1,b200e6de80c8,fr_venues_batch_v1,2026-05-24T22:54:41.898727+00:00,osm_import_terminal_v1,{},venue
Bar du Dôme,,,,,,,,43.3168519,5.404851,2026-05-24T22:54:41.898727+00:00,approved,active,France,7b621768cef8ba4aea869e628effc7b0,community,osm_venues_fr_v1,7b621768cef8,fr_venues_batch_v1,2026-05-24T22:54:41.898727+00:00,osm_import_terminal_v1,{},venue
Point Bar,99 Rue Championnet,Paris,,75018,+33 9 51 91 12 67,,,48.8956894,2.341182,2026-05-24T22:54:41.898727+00:00,approved,active,France,c6bd19856dbfe7ba1390be3a63b6b451,community,osm_venues_fr_v1,c6bd19856dbf,fr_venues_batch_v1,2026-05-24T22:54:41.898727+00:00,osm_import_terminal_v1,{},venue
La Barrique,,,,,,,,48.8695218,2.3632858,2026-05-24T22:54:41.898727+00:00,approved,active,France,ea460d85ce2d363334a0460cd0f86466,community,osm_venues_fr_v1,ea460d85ce2d,fr_venues_batch_v1,2026-05-24T22:54:41.898727+00:00,osm_import_terminal_v1,{},venue
Le Bar Commun,,,,,,https://www.lebarcommun.fr/,,48.895239,2.352786,2026-05-24T22:54:41.898727+00:00,approved,active,France,59d5201138bb1ef75c25d2bccbcb111f,community,osm_venues_fr_v1,59d5201138bb,fr_venues_batch_v1,2026-05-24T22:54:41.898727+00:00,osm_import_terminal_v1,{},venue
Bar-Tabac de la Paix,3 Place de la Paix,,,,,,,43.7045001,7.3102764,2026-05-24T22:54:41.898727+00:00,approved,active,France,3d1329b05fb4172467ccebac59b0999e,community,osm_venues_fr_v1,3d1329b05fb4,fr_venues_batch_v1,2026-05-24T22:54:41.898727+00:00,osm_import_terminal_v1,{},venue
Toucan Pub,2 Boulevard Firmin Pons,Blagnac,,31700,+33 5 61 71 12 76,https://toucanpub.fr/,,43.634861,1.3994343,2026-05-24T22:54:41.898727+00:00,approved,active,France,9a012d86b5c86cad6e86109474913086,community,osm_venues_fr_v1,9a012d86b5c8,fr_venues_batch_v1,2026-05-24T22:54:41.898727+00:00,osm_import_terminal_v1,{},venue
Nul Bar Ailleurs,,,,,,,,48.8501042,2.3782626,2026-05-24T22:54:41.898727+00:00,approved,active,France,1977cd324f2e4aab55ad96a50501f02b,community,osm_venues_fr_v1,1977cd324f2e,fr_venues_batch_v1,2026-05-24T22:54:41.898727+00:00,osm_import_terminal_v1,{},venue
Pub Latin,,,,,,,,43.6994784,7.2510252,2026-05-24T22:54:41.898727+00:00,approved,active,France,4ec170a82c0a3031fb5b187952db04ac,community,osm_venues_fr_v1,4ec170a82c0a,fr_venues_batch_v1,2026-05-24T22:54:41.898727+00:00,osm_import_terminal_v1,{},venue
Bar du Métro,60 Boulevard Voltaire,,,92600,,,,48.9150177,2.2942867,2026-05-24T22:54:41.898727+00:00,approved,active,France,6711833ee761db86795b24be4d1d1f2a,community,osm_venues_fr_v1,6711833ee761,fr_venues_batch_v1,2026-05-24T22:54:41.898727+00:00,osm_import_terminal_v1,{},venue
Bar de la Place,,,,,,,,43.2588205,5.4170111,2026-05-24T22:54:41.898727+00:00,approved,active,France,06df6a8a672e8d0a20d4f29708bbafcc,community,osm_venues_fr_v1,06df6a8a672e,fr_venues_batch_v1,2026-05-24T22:54:41.898727+00:00,osm_import_terminal_v1,{},venue
Bar de la Dégustation,,,,,,,,43.696956,7.2742126,2026-05-24T22:54:41.898727+00:00,approved,active,France,a799a8537bf389d51f0719aec02fd336,community,osm_venues_fr_v1,a799a8537bf3,fr_venues_batch_v1,2026-05-24T22:54:41.898727+00:00,osm_import_terminal_v1,{},venue
Bar Le brazza,,,,,,,,43.3058151,5.3839574,2026-05-24T22:54:41.898727+00:00,approved,active,France,5f743a8d2f7a2b767943102bf1a3dc12,community,osm_venues_fr_v1,5f743a8d2f7a,fr_venues_batch_v1,2026-05-24T22:54:41.898727+00:00,osm_import_terminal_v1,{},venue
Bar-Tabac de la Marne,72 Rue du Pont de Créteil,Saint-Maur-des-Fossés,,94100,,,,48.8020185,2.4718034,2026-05-24T22:54:41.898727+00:00,approved,active,France,7718eef59819548417198f25b6cc292b,community,osm_venues_fr_v1,7718eef59819,fr_venues_batch_v1,2026-05-24T22:54:41.898727+00:00,osm_import_terminal_v1,{},venue
Bar restaurant de l'autoroute,,,,,,,,43.301566,5.375922,2026-05-24T22:54:41.898727+00:00,approved,active,France,e333825d3d96a36014ea1781585ae4e2,community,osm_venues_fr_v1,e333825d3d96,fr_venues_batch_v1,2026-05-24T22:54:41.898727+00:00,osm_import_terminal_v1,{},venue
Bar de la Station d'Emdoume,,,,,,,,43.2850673,5.3598454,2026-05-24T22:54:41.898727+00:00,approved,active,France,b94065c87ad26fa506c7274ba6ddebe9,community,osm_venues_fr_v1,b94065c87ad2,fr_venues_batch_v1,2026-05-24T22:54:41.898727+00:00,osm_import_terminal_v1,{},venue
Le Dernier Bar avant la Fin du Monde,19 Avenue Victoria,,,75001,+33 1 53 00 98 95,https://dernierbar.com,,48.8579239,2.346361,2026-05-24T22:54:41.898727+00:00,approved,active,France,08f565ee8031c22ec5a42b7ea6ff9367,community,osm_venues_fr_v1,08f565ee8031,fr_venues_batch_v1,2026-05-24T22:54:41.898727+00:00,osm_import_terminal_v1,{},venue
Hôtel bar restaurant Le Valentinois,38,Marseille,,,,,,43.2891223,5.4666003,2026-05-24T22:54:41.898727+00:00,approved,active,France,5b9f2b4c6e46c383b22afcc031bb3443,community,osm_venues_fr_v1,5b9f2b4c6e46,fr_venues_batch_v1,2026-05-24T22:54:41.898727+00:00,osm_import_terminal_v1,{},venue
Broc'Bar,,,,,,https://brocbar.shop,,45.7660636,4.8317048,2026-05-24T22:54:41.898727+00:00,approved,active,France,aa8f11fa239e82d6b6b0c178ee79c03f,community,osm_venues_fr_v1,aa8f11fa239e,fr_venues_batch_v1,2026-05-24T22:54:41.898727+00:00,osm_import_terminal_v1,{},venue
Le Bar,2 bis Place de Belfort,,,,,,,43.6084809,1.4502939,2026-05-24T22:54:41.898727+00:00,approved,active,France,7d7f3c94d25a5195992fa93b645ed27a,community,osm_venues_fr_v1,7d7f3c94d25a,fr_venues_batch_v1,2026-05-24T22:54:41.898727+00:00,osm_import_terminal_v1,{},venue
Bara'so Café,,,,,,,,43.2929949,5.3928165,2026-05-24T22:54:41.898727+00:00,approved,active,France,fdd7857f646e2bb8df808f4b7fc9a470,community,osm_venues_fr_v1,fdd7857f646e,fr_venues_batch_v1,2026-05-24T22:54:41.898727+00:00,osm_import_terminal_v1,{},venue
Bar'Ouff,,,,,,,,48.8429935,2.3485962,2026-05-24T22:54:41.898727+00:00,approved,active,France,5fb4a7d9c63e6f92a113c36ba3d9286c,community,osm_venues_fr_v1,5fb4a7d9c63e,fr_venues_batch_v1,2026-05-24T22:54:41.898727+00:00,osm_import_terminal_v1,{},venue
Café Baraka,,,,,,,,48.9016106,2.2512895,2026-05-24T22:54:41.898727+00:00,approved,active,France,dd6065886e506b408a4aed25b5787c8a,community,osm_venues_fr_v1,dd6065886e50,fr_venues_batch_v1,2026-05-24T22:54:41.898727+00:00,osm_import_terminal_v1,{},venue
Bar des Platanes,Boulevard Bouge,Marseille,,,,,,43.3225293,5.4124822,2026-05-24T22:54:41.898727+00:00,approved,active,France,40b0e539f7446335324baf8026d0047c,community,osm_venues_fr_v1,40b0e539f744,fr_venues_batch_v1,2026-05-24T22:54:41.898727+00:00,osm_import_terminal_v1,{},venue
"Bar Vernier, Chez Robert",,,,,,,,43.70721,7.2599181,2026-05-24T22:54:41.898727+00:00,approved,active,France,893ea0a1f5c9ca2f7cc0e939e8103042,community,osm_venues_fr_v1,893ea0a1f5c9,fr_venues_batch_v1,2026-05-24T22:54:41.898727+00:00,osm_import_terminal_v1,{},venue
Bar Tabac du Camas,180,Marseille,,,,,,43.2954603,5.3967904,2026-05-24T22:54:41.898727+00:00,approved,active,France,3a8a88ef10c175d4d6c8801cb63545fc,community,osm_venues_fr_v1,3a8a88ef10c1,fr_venues_batch_v1,2026-05-24T22:54:41.898727+00:00,osm_import_terminal_v1,{},venue
Bar Dégustation,Boulevard Chave,Marseille,,13005,,,,43.2955306,5.3977922,2026-05-24T22:54:41.898727+00:00,approved,active,France,3be3b2e57e0c07f742b99bb3ea0fef5a,community,osm_venues_fr_v1,3be3b2e57e0c,fr_venues_batch_v1,2026-05-24T22:54:41.898727+00:00,osm_import_terminal_v1,{},venue
Bar-Tabac Le Pavé Des Gardes,,,,,,,,48.8115597,2.2106344,2026-05-24T22:54:41.898727+00:00,approved,active,France,1cd4b922e0888583231175ba0cfe0995,community,osm_venues_fr_v1,1cd4b922e088,fr_venues_batch_v1,2026-05-24T22:54:41.898727+00:00,osm_import_terminal_v1,{},venue
Pub O quinze,,,,,,,,43.2938064,5.3740107,2026-05-24T22:54:41.898727+00:00,approved,active,France,b897ebb86b4245f85656990fed2b3061,community,osm_venues_fr_v1,b897ebb86b42,fr_venues_batch_v1,2026-05-24T22:54:41.898727+00:00,osm_import_terminal_v1,{},venue
Bar des Amis,23,,,,,,,43.2481381,5.3752655,2026-05-24T22:54:41.898727+00:00,approved,active,France,572ca0e5d6615e6e777985387ab62afa,community,osm_venues_fr_v1,572ca0e5d661,fr_venues_batch_v1,2026-05-24T22:54:41.898727+00:00,osm_import_terminal_v1,{},venue
Soda Bar,,,,,,,,45.7683105,4.8290173,2026-05-24T22:54:41.898727+00:00,approved,active,France,caddb766560bb2efa02e1db306bf697c,community,osm_venues_fr_v1,caddb766560b,fr_venues_batch_v1,2026-05-24T22:54:41.898727+00:00,osm_import_terminal_v1,{},venue
Bar de la Gaité,,,,,,,,43.2260052,5.4034391,2026-05-24T22:54:41.898727+00:00,approved,active,France,3a8fdb31b667d191167ea10c2dd02f00,community,osm_venues_fr_v1,3a8fdb31b667,fr_venues_batch_v1,2026-05-24T22:54:41.898727+00:00,osm_import_terminal_v1,{},venue
Wafu Bar,30 Rue Saint-Denis,,,,,https://wafubar.fr/,,48.8600373,2.3482937,2026-05-24T22:54:41.898727+00:00,approved,active,France,3cae7b69cce466783ee13bd27d432379,community,osm_venues_fr_v1,3cae7b69cce4,fr_venues_batch_v1,2026-05-24T22:54:41.898727+00:00,osm_import_terminal_v1,{},venue
Micmanbar,,,,,,,,48.860869,2.353546,2026-05-24T22:54:41.898727+00:00,approved,active,France,483f73b3297e73cbc93a1bac12b61f91,community,osm_venues_fr_v1,483f73b3297e,fr_venues_batch_v1,2026-05-24T22:54:41.898727+00:00,osm_import_terminal_v1,{},venue
Bar Odéon,,,,,,,,43.2991927,5.3848943,2026-05-24T22:54:41.898727+00:00,approved,active,France,e136227c44e98104d09c0d410a39224d,community,osm_venues_fr_v1,e136227c44e9,fr_venues_batch_v1,2026-05-24T22:54:41.898727+00:00,osm_import_terminal_v1,{},venue
Henri's Pub,,,,,,,,43.2859589,5.3847594,2026-05-24T22:54:41.898727+00:00,approved,active,France,add7abc01b42d4d1295ef1350356f43f,community,osm_venues_fr_v1,add7abc01b42,fr_venues_batch_v1,2026-05-24T22:54:41.898727+00:00,osm_import_terminal_v1,{},venue
Le Petit Bar,,,,,,,,45.7530545,4.8700406,2026-05-24T22:54:41.898727+00:00,approved,active,France,18d85cecdc084cbdb88edfe4c6094ebc,community,osm_venues_fr_v1,18d85cecdc08,fr_venues_batch_v1,2026-05-24T22:54:41.898727+00:00,osm_import_terminal_v1,{},venue
Le Point Barre,,,,,,,,43.2951526,5.3835471,2026-05-24T22:54:41.898727+00:00,approved,active,France,ed08d45942f174cccc6e22baf675da79,community,osm_venues_fr_v1,ed08d45942f1,fr_venues_batch_v1,2026-05-24T22:54:41.898727+00:00,osm_import_terminal_v1,{},venue
Bar Tabac de la Place,,,,,,,,43.2914716,5.3847315,2026-05-24T22:54:41.898727+00:00,approved,active,France,e68af71c4629d094bea74ec5669aaf33,community,osm_venues_fr_v1,e68af71c4629,fr_venues_batch_v1,2026-05-24T22:54:41.898727+00:00,osm_import_terminal_v1,{},venue
Le Bar du Rond-Point,,,,,,,,48.8919555,2.4671037,2026-05-24T22:54:41.898727+00:00,approved,active,France,67a9f13dcf3a13316bd681345650aacd,community,osm_venues_fr_v1,67a9f13dcf3a,fr_venues_batch_v1,2026-05-24T22:54:41.898727+00:00,osm_import_terminal_v1,{},venue
Sea Bar,,,,,+33 1 48 25 90 95,https://www.paris-peche.com/seabar,,48.815192,2.3173659,2026-05-24T22:54:41.898727+00:00,approved,active,France,37b4f45a389dbc276692e638d37e3db3,community,osm_venues_fr_v1,37b4f45a389d,fr_venues_batch_v1,2026-05-24T22:54:41.898727+00:00,osm_import_terminal_v1,{},venue
Rosemary Gastropub,4 Rue Crillon,Paris,,75004,+33 1 42 78 09 71,https://www.rosemarygastropub.com/,,48.8486397,2.3653776,2026-05-24T22:54:41.898727+00:00,approved,active,France,c328976dcca28f9c895392807f0836f7,community,osm_venues_fr_v1,c328976dcca2,fr_venues_batch_v1,2026-05-24T22:54:41.898727+00:00,osm_import_terminal_v1,{},venue
Bar-Tabac Le Gounod,,,,,,,,43.701722,7.2609243,2026-05-24T22:54:41.898727+00:00,approved,active,France,bf7a273292dfccd2c0a654c207e24643,community,osm_venues_fr_v1,bf7a273292df,fr_venues_batch_v1,2026-05-24T22:54:41.898727+00:00,osm_import_terminal_v1,{},venue
Abracadabra Bar,,,,,,,,45.7541514,4.8408006,2026-05-24T22:54:41.898727+00:00,approved,active,France,910275426c2f536a22a9f966a25726f7,community,osm_venues_fr_v1,910275426c2f,fr_venues_batch_v1,2026-05-24T22:54:41.898727+00:00,osm_import_terminal_v1,{},venue
Bar des 2 Moulins,2,,,,,,,48.8153178,2.4296789,2026-05-24T22:54:41.898727+00:00,approved,active,France,0c3bb275f110ff820751fe44b00d25ad,community,osm_venues_fr_v1,0c3bb275f110,fr_venues_batch_v1,2026-05-24T22:54:41.898727+00:00,osm_import_terminal_v1,{},venue
Barbaque,,,,,,,,43.605631,1.446319,2026-05-24T22:54:41.898727+00:00,approved,active,France,f842de6cc2bf0fb64deb2c4ac8272040,community,osm_venues_fr_v1,f842de6cc2bf,fr_venues_batch_v1,2026-05-24T22:54:41.898727+00:00,osm_import_terminal_v1,{},venue
Bar Tabac PMU de la Croix,,,,,,,,43.3041948,5.4144022,2026-05-24T22:54:41.898727+00:00,approved,active,France,0eae25e8374a6e4f7d29286dc0383df6,community,osm_venues_fr_v1,0eae25e8374a,fr_venues_batch_v1,2026-05-24T22:54:41.898727+00:00,osm_import_terminal_v1,{},venue
Barbotyne,,,,,,https://www.barbotyne.fr/,,43.2981933,5.3876894,2026-05-24T22:54:41.898727+00:00,approved,active,France,a6b6032f5e1b4c3035d0ae29390996f5,community,osm_venues_fr_v1,a6b6032f5e1b,fr_venues_batch_v1,2026-05-24T22:54:41.898727+00:00,osm_import_terminal_v1,{},venue
Steppe Bar,7 Quai Antoine Riboud,,,,+33 7 69 94 11 14,https://steppe-bar-lyon.fr/,,45.7428082,4.816788,2026-05-24T22:54:41.898727+00:00,approved,active,France,caf135f82a4d16cf9d5e356d7064cd8f,community,osm_venues_fr_v1,caf135f82a4d,fr_venues_batch_v1,2026-05-24T22:54:41.898727+00:00,osm_import_terminal_v1,{},venue
Bar du Port,,,,,,,,43.6884682,7.3344455,2026-05-24T22:54:41.898727+00:00,approved,active,France,c2ae37f8fdeea69cc49cc1e433828d25,community,osm_venues_fr_v1,c2ae37f8fdee,fr_venues_batch_v1,2026-05-24T22:54:41.898727+00:00,osm_import_terminal_v1,{},venue
Phoenix Bar,,,,,,,,45.7630506,4.8289526,2026-05-24T22:54:41.898727+00:00,approved,active,France,367b6f022a2579c3e27a336db2442050,community,osm_venues_fr_v1,367b6f022a25,fr_venues_batch_v1,2026-05-24T22:54:41.898727+00:00,osm_import_terminal_v1,{},venue
Bar du peuple,,,,,,,,43.2961018,5.3812536,2026-05-24T22:54:41.898727+00:00,approved,active,France,c945cb8f75b86ff9bbb6d5f1141ee6b8,community,osm_venues_fr_v1,c945cb8f75b8,fr_venues_batch_v1,2026-05-24T22:54:41.898727+00:00,osm_import_terminal_v1,{},venue
Le Bar Botté,,,,,,,,48.8468627,2.4086303,2026-05-24T22:54:41.898727+00:00,approved,active,France,a7baaa68ab45d638ba6a6b3fec00d02e,community,osm_venues_fr_v1,a7baaa68ab45,fr_venues_batch_v1,2026-05-24T22:54:41.898727+00:00,osm_import_terminal_v1,{},venue
Aux Sportifs Réunis,,,,,,,,48.8318641,2.3029311,2026-05-24T22:54:41.898727+00:00,approved,active,France,fd7dc1382fe41771e059f2ddf3a1f0c1,community,osm_venues_fr_v1,fd7dc1382fe4,fr_venues_batch_v1,2026-05-24T22:54:41.898727+00:00,osm_import_terminal_v1,{},venue
Century Bar,,,,,,,,48.8228866,2.3555166,2026-05-24T22:54:41.898727+00:00,approved,active,France,04e51d4474b6fccbacb2f0840b6dcfe8,community,osm_venues_fr_v1,04e51d4474b6,fr_venues_batch_v1,2026-05-24T22:54:41.898727+00:00,osm_import_terminal_v1,{},venue
Shishido Ramen Bar,27 Rue Rousselle,,,92800,+33 9 87 47 06 90,https://shishido.fr/,,48.8840301,2.2424527,2026-05-24T22:54:41.898727+00:00,approved,active,France,0079df9515ccff05161f30854e0e651e,community,osm_venues_fr_v1,0079df9515cc,fr_venues_batch_v1,2026-05-24T22:54:41.898727+00:00,osm_import_terminal_v1,{},venue
Njutbar,22 Rue de la Banque,,,,+33 1 84 05 02 18,https://fr-fr.facebook.com/njutbar,,48.8682736,2.3412653,2026-05-24T22:54:41.898727+00:00,approved,active,France,533a805b10733d807eb8a827b1196a92,community,osm_venues_fr_v1,533a805b1073,fr_venues_batch_v1,2026-05-24T22:54:41.898727+00:00,osm_import_terminal_v1,{},venue
Barra Ceviche,,,,,,https://barraceviche.fr,,45.7671859,4.8545198,2026-05-24T22:54:41.898727+00:00,approved,active,France,3d95dc2ad8ac3c8cb909c0e94f44af1f,community,osm_venues_fr_v1,3d95dc2ad8ac,fr_venues_batch_v1,2026-05-24T22:54:41.898727+00:00,osm_import_terminal_v1,{},venue
Le Bardinet,,,,,,,,48.8309811,2.3172117,2026-05-24T22:54:41.898727+00:00,approved,active,France,9c7e5b7379e234a8cb1dde4126bd6231,community,osm_venues_fr_v1,9c7e5b7379e2,fr_venues_batch_v1,2026-05-24T22:54:41.898727+00:00,osm_import_terminal_v1,{},venue
AFK Bar,,,,,+33 4 26 28 14 41,,,45.748268,4.8433461,2026-05-24T22:54:41.898727+00:00,approved,active,France,fef5904d142447b237f97f3c5933b54c,community,osm_venues_fr_v1,fef5904d1424,fr_venues_batch_v1,2026-05-24T22:54:41.898727+00:00,osm_import_terminal_v1,{},venue
Bar des Artistes,,,,,,,,45.7510651,4.8426149,2026-05-24T22:54:41.898727+00:00,approved,active,France,f687ad1f9042f0e7e50135e69d6daadb,community,osm_venues_fr_v1,f687ad1f9042,fr_venues_batch_v1,2026-05-24T22:54:41.898727+00:00,osm_import_terminal_v1,{},venue
Le Barbak,,,,,,,,45.7536404,4.8416604,2026-05-24T22:54:41.898727+00:00,approved,active,France,ef28b5dbe329d7e64b41e1b5d874bebe,community,osm_venues_fr_v1,ef28b5dbe329,fr_venues_batch_v1,2026-05-24T22:54:41.898727+00:00,osm_import_terminal_v1,{},venue
Café de la République,,,,,,,,43.3038343,5.3677142,2026-05-24T22:54:41.898727+00:00,approved,active,France,c3c93dec8a01be53226afea62aa31ea0,community,osm_venues_fr_v1,c3c93dec8a01,fr_venues_batch_v1,2026-05-24T22:54:41.898727+00:00,osm_import_terminal_v1,{},venue
Bar impérial,,,,,,,,43.3048713,5.3675236,2026-05-24T22:54:41.898727+00:00,approved,active,France,0bdb26442776e90ae7c2a08363667cea,community,osm_venues_fr_v1,0bdb26442776,fr_venues_batch_v1,2026-05-24T22:54:41.898727+00:00,osm_import_terminal_v1,{},venue
Bar Joseph,,,,,,,,43.3048989,5.3676065,2026-05-24T22:54:41.898727+00:00,approved,active,France,7f483d1dd89a9de501af9a7822938d8b,community,osm_venues_fr_v1,7f483d1dd89a,fr_venues_batch_v1,2026-05-24T22:54:41.898727+00:00,osm_import_terminal_v1,{},venue
Kigali Life Bar,,,,,,,,45.7532946,4.8414235,2026-05-24T22:54:41.898727+00:00,approved,active,France,5ad0ede16d8db5b7958f8da0676fd15e,community,osm_venues_fr_v1,5ad0ede16d8d,fr_venues_batch_v1,2026-05-24T22:54:41.898727+00:00,osm_import_terminal_v1,{},venue
